{
  "manifest_version": 3,
  "name": "Cloudhood",
  "version": "1.1.9",
  "action": {
    "default_popup": "popup.html",
    "default_icon": {
      "38": "img/main-icon-38.png"
    },
    "default_title": "Modify Outgoing XHR/Fetch Request Headers"
  },
  "icons": {
    "16": "img/main-icon-16.jpg",
    "32": "img/main-icon-32.jpg",
    "48": "img/main-icon-48.jpg",
    "128": "img/main-icon-128.jpg"
  },
  "permissions": [
    "storage",
    "declarativeNetRequest",
    "declarativeNetRequestFeedback",
    "tabs",
    "contextMenus",
    "webRequest",
    "activeTab"
  ],
  "host_permissions": [
    "<all_urls>"
  ],
  "background": {
    "scripts": [
      "background.bundle.js"
    ],
    "type": "module"
  },
  "content_security_policy": {
    "extension_pages": "script-src 'self'; object-src 'self'; img-src 'self' data: blob: moz-extension:; style-src 'self' 'unsafe-inline'; connect-src 'self' data: blob: moz-extension:;"
  }
}
